﻿<?xml version="1.0" encoding="utf-8"?>
<JustCodeSettings Version="0.0" Timestamp="6e599279-04f7-403f-8e7c-b9f9bc806568">
  <IgnoredErrorsAndWarningsSettings xmlns:i="http://www.w3.org/2001/XMLSchema-instance">
    <IgnoredErrorsAndWarnings Version="2">
      <FilePath>
        <FileRelativePath>Shape/Triangle.cs</FileRelativePath>
        <ProjectRelativePath>Shape/Shape.csproj</ProjectRelativePath>
        <IgnoredElement>
          <TextualIdentifier>8941405032742077773</TextualIdentifier>
        </IgnoredElement>
        <IgnoredElement>
          <TextualIdentifier>16058727766468962801</TextualIdentifier>
        </IgnoredElement>
      </FilePath>
      <FilePath>
        <FileRelativePath>Exception/InvalidRangeException.cs</FileRelativePath>
        <ProjectRelativePath>Exception/Exception.csproj</ProjectRelativePath>
        <IgnoredElement>
          <TextualIdentifier>8941405032742077773</TextualIdentifier>
        </IgnoredElement>
        <IgnoredElement>
          <TextualIdentifier>3534720355322935097</TextualIdentifier>
        </IgnoredElement>
      </FilePath>
      <FilePath>
        <FileRelativePath>Exception/TestException.cs</FileRelativePath>
        <ProjectRelativePath>Exception/Exception.csproj</ProjectRelativePath>
        <IgnoredElement>
          <TextualIdentifier>8941405032742077773</TextualIdentifier>
        </IgnoredElement>
        <IgnoredElement>
          <TextualIdentifier>16019865635745457615</TextualIdentifier>
        </IgnoredElement>
      </FilePath>
      <FilePath>
        <FileRelativePath>Shape/Circle.cs</FileRelativePath>
        <ProjectRelativePath>Shape/Shape.csproj</ProjectRelativePath>
        <IgnoredElement>
          <TextualIdentifier>8941405032742077773</TextualIdentifier>
        </IgnoredElement>
        <IgnoredElement>
          <TextualIdentifier>7786529922603898559</TextualIdentifier>
        </IgnoredElement>
      </FilePath>
      <FilePath>
        <FileRelativePath>Shape/Rectangle.cs</FileRelativePath>
        <ProjectRelativePath>Shape/Shape.csproj</ProjectRelativePath>
        <IgnoredElement>
          <TextualIdentifier>8941405032742077773</TextualIdentifier>
        </IgnoredElement>
        <IgnoredElement>
          <TextualIdentifier>16196638351999317517</TextualIdentifier>
        </IgnoredElement>
      </FilePath>
      <FilePath>
        <FileRelativePath>Shape/Shape.cs</FileRelativePath>
        <ProjectRelativePath>Shape/Shape.csproj</ProjectRelativePath>
        <IgnoredElement>
          <TextualIdentifier>8941405032742077773</TextualIdentifier>
        </IgnoredElement>
        <IgnoredElement>
          <TextualIdentifier>14862004505593613955</TextualIdentifier>
        </IgnoredElement>
      </FilePath>
      <FilePath>
        <FileRelativePath>Shape/TestShape.cs</FileRelativePath>
        <ProjectRelativePath>Shape/Shape.csproj</ProjectRelativePath>
        <IgnoredElement>
          <TextualIdentifier>8941405032742077773</TextualIdentifier>
        </IgnoredElement>
        <IgnoredElement>
          <TextualIdentifier>17201359589218421235</TextualIdentifier>
        </IgnoredElement>
      </FilePath>
    </IgnoredErrorsAndWarnings>
  </IgnoredErrorsAndWarningsSettings>
</JustCodeSettings>